,time,price,pchange,change,volume,amount,type
0,10:38:54,47.6,+1.36,0.0,85,404600,
1,10:38:51,47.6,+1.36,0.0,29,138040,
2,10:38:48,47.6,+1.36,0.05,129,614040,
3,10:38:45,47.55,+1.26,-0.02,143,679965,
4,10:38:42,47.57,+1.30,0.0,5,23785,
5,10:38:39,47.57,+1.30,-0.01,29,137953,
6,10:38:36,47.58,+1.32,-0.01,7,33306,
7,10:38:33,47.59,+1.34,-0.01,83,394997,
8,10:38:30,47.6,+1.36,0.0,20,95200,
9,10:38:27,47.6,+1.36,0.0,6,28560,
10,10:38:24,47.6,+1.36,0.0,116,552160,
11,10:38:21,47.6,+1.36,-0.01,98,466480,
12,10:38:18,47.61,+1.38,0.03,29,138069,
13,10:38:15,47.58,+1.32,-0.02,15,71370,
14,10:38:12,47.6,+1.36,0.01,105,499800,
15,10:38:09,47.59,+1.34,-0.01,28,133252,
16,10:38:06,47.6,+1.36,0.02,20,95200,
17,10:38:03,47.58,+1.32,-0.02,21,99918,
18,10:38:00,47.6,+1.36,0.02,2,9520,
19,10:37:57,47.58,+1.32,-0.02,7,33306,
20,10:37:54,47.6,+1.36,-0.01,16,76160,
21,10:37:51,47.61,+1.38,0.01,16,76176,
22,10:37:48,47.6,+1.36,0.0,87,414120,
23,10:37:45,47.6,+1.36,-0.02,80,380800,
24,10:37:42,47.62,+1.41,0.02,4,19048,
25,10:37:39,47.6,+1.36,0.0,72,342720,
26,10:37:36,47.6,+1.36,0.01,44,209440,
27,10:37:33,47.59,+1.34,-0.01,15,71385,
28,10:37:30,47.6,+1.36,-0.01,73,347480,
29,10:37:27,47.61,+1.38,0.01,10,47610,
30,10:37:23,47.6,+1.36,0.0,21,99960,
31,10:37:21,47.6,+1.36,-0.03,160,761600,
32,10:37:18,47.63,+1.43,0.03,22,104786,
33,10:37:15,47.6,+1.36,0.0,62,295120,
34,10:37:12,47.6,+1.36,-0.03,4,19040,
35,10:37:09,47.63,+1.43,0.03,45,214335,
36,10:37:06,47.6,+1.36,0.04,12,57120,
37,10:37:03,47.56,+1.28,-0.02,17,80852,
38,10:37:00,47.58,+1.32,0.03,20,95160,
39,10:36:57,47.55,+1.26,-0.01,22,107035,
40,10:36:54,47.56,+1.28,0.0,28,133168,
41,10:36:51,47.56,+1.28,0.02,37,175972,
42,10:36:48,47.54,+1.24,0.0,45,213930,
43,10:36:45,47.54,+1.24,0.0,38,180652,
44,10:36:42,47.54,+1.24,0.01,52,247208,
45,10:36:39,47.53,+1.21,0.0,85,404005,
46,10:36:36,47.53,+1.21,0.0,57,270921,
47,10:36:33,47.53,+1.21,0.01,18,85554,
48,10:36:29,47.52,+1.19,0.02,163,774576,
49,10:36:27,47.5,+1.15,-0.01,209,992750,
50,10:36:24,47.51,+1.17,0.0,10,47510,
51,10:36:21,47.51,+1.17,0.01,54,256554,
52,10:36:18,47.5,+1.15,-0.02,127,603250,
53,10:36:15,47.52,+1.19,0.0,37,175824,
54,10:36:12,47.52,+1.19,0.0,93,441936,
55,10:36:09,47.52,+1.19,0.0,4,19008,
56,10:36:06,47.52,+1.19,0.01,40,190080,
57,10:36:03,47.51,+1.17,-0.02,49,232799,
58,10:36:00,47.53,+1.21,0.0,35,166355,
59,10:35:57,47.53,+1.21,0.0,88,418264,
60,10:35:54,47.53,+1.21,0.0,142,674926,
61,10:35:51,47.53,+1.21,0.01,22,104566,
62,10:35:48,47.52,+1.19,-0.01,45,213840,
63,10:35:45,47.53,+1.21,0.0,130,617890,
64,10:35:42,47.53,+1.21,-0.02,8,38024,
65,10:35:39,47.55,+1.26,-0.02,14,66570,
66,10:35:39,47.55,+1.26,0.03,14,66570,
67,10:35:36,47.52,+1.19,-0.03,173,822096,
68,10:35:33,47.55,+1.26,0.03,63,299565,
69,10:35:30,47.52,+1.19,-0.03,4,19008,
70,10:35:27,47.55,+1.26,-0.01,5,23775,
71,10:35:24,47.56,+1.28,0.01,54,256824,
72,10:35:21,47.55,+1.26,0.0,82,389910,
73,10:35:17,47.55,+1.26,0.0,88,418440,
74,10:35:15,47.55,+1.26,-0.01,77,366135,
75,10:35:12,47.56,+1.28,0.01,72,342432,
76,10:35:09,47.55,+1.26,-0.01,19,90345,
77,10:35:06,47.56,+1.28,0.0,23,109388,
78,10:35:02,47.56,+1.28,-0.02,109,518404,
79,10:35:00,47.58,+1.32,0.02,49,233142,
80,10:34:57,47.56,+1.28,-0.02,27,128412,
81,10:34:54,47.58,+1.32,-0.02,18,85644,
82,10:34:51,47.6,+1.36,0.0,7,33320,
83,10:34:48,47.6,+1.36,0.0,139,661640,
84,10:34:45,47.6,+1.36,-0.01,53,252280,
85,10:34:42,47.61,+1.38,0.0,24,114264,
86,10:34:39,47.61,+1.38,-0.01,65,309465,
87,10:34:36,47.62,+1.41,-0.02,3,14286,
88,10:34:33,47.64,+1.45,0.0,42,200088,
89,10:34:30,47.64,+1.45,0.01,1,4764,
90,10:34:27,47.63,+1.43,-0.01,4,19052,
91,10:34:24,47.64,+1.45,-0.08,8,38112,
92,10:34:20,47.72,+1.62,0.06,38,181336,
93,10:34:17,47.66,+1.49,-0.04,21,100086,
94,10:34:15,47.7,+1.58,-0.04,18,85860,
95,10:34:12,47.74,+1.66,0.02,49,233926,
96,10:34:08,47.72,+1.62,-0.03,43,205196,
97,10:34:05,47.75,+1.68,0.0,28,133700,
98,10:34:03,47.75,+1.68,0.02,32,152800,
99,10:33:59,47.73,+1.64,-0.02,11,52503,
100,10:33:57,47.75,+1.68,0.0,286,1369948,
101,10:33:54,47.75,+1.68,0.0,40,191000,
102,10:33:51,47.75,+1.68,-0.01,1,4775,
103,10:33:48,47.76,+1.70,0.06,65,310440,
104,10:33:44,47.7,+1.58,0.0,17,81090,
105,10:33:41,47.7,+1.58,0.0,6,28620,
106,10:33:38,47.7,+1.58,0.0,33,157410,
107,10:33:35,47.7,+1.58,-0.03,17,81090,
108,10:33:33,47.73,+1.64,0.03,12,57276,
109,10:33:29,47.7,+1.58,0.0,19,90630,
110,10:33:26,47.7,+1.58,0.01,12,57240,
111,10:33:23,47.69,+1.55,-0.01,29,138301,
112,10:33:20,47.7,+1.58,0.02,121,577170,
113,10:33:17,47.68,+1.53,0.05,21,100128,
114,10:33:14,47.63,+1.43,0.0,159,757317,
115,10:33:11,47.63,+1.43,0.0,79,377706,
116,10:33:08,47.63,+1.43,-0.02,25,119075,
117,10:33:05,47.65,+1.47,0.05,13,61945,
118,10:33:02,47.6,+1.36,0.0,16,76160,
119,10:32:59,47.6,+1.36,-0.02,60,285600,
120,10:32:56,47.62,+1.41,0.02,320,1523840,
121,10:32:53,47.6,+1.36,0.02,66,314160,
122,10:32:50,47.58,+1.32,0.02,48,228384,
123,10:32:47,47.56,+1.28,-0.04,194,922664,
124,10:32:44,47.6,+1.36,0.02,42,199920,
125,10:32:41,47.58,+1.32,-0.02,18,85644,
126,10:32:38,47.6,+1.36,0.05,30,142800,
127,10:32:35,47.55,+1.26,0.0,14,66570,
128,10:32:32,47.55,+1.26,-0.07,142,675210,
129,10:32:29,47.62,+1.41,0.02,93,442866,
130,10:32:26,47.6,+1.36,0.0,36,171360,
131,10:32:26,47.6,+1.36,0.0,36,171360,
132,10:32:23,47.6,+1.36,-0.05,141,671160,
133,10:32:20,47.65,+1.47,0.0,216,1029240,
134,10:32:18,47.65,+1.47,0.0,8,38120,
135,10:32:14,47.65,+1.47,0.0,32,152480,
136,10:32:11,47.65,+1.47,-0.01,17,81005,
137,10:32:08,47.66,+1.49,0.01,32,152512,
138,10:32:05,47.65,+1.47,0.0,5,23825,
139,10:32:02,47.65,+1.47,-0.13,18,85770,
140,10:31:59,47.78,+1.75,0.0,0,0,
141,10:31:56,47.78,+1.75,0.12,16,76448,
142,10:31:53,47.66,+1.49,-0.1,206,981796,
143,10:31:50,47.76,+1.70,-0.03,40,191040,
144,10:31:47,47.79,+1.77,-0.01,88,420552,
145,10:31:44,47.8,+1.79,0.01,26,124280,
146,10:31:41,47.79,+1.77,-0.01,19,90801,
147,10:31:38,47.8,+1.79,0.0,27,129060,
148,10:31:35,47.8,+1.79,-0.02,26,124280,
149,10:31:32,47.82,+1.83,-0.01,55,263010,
150,10:31:29,47.83,+1.85,0.01,18,86094,
151,10:31:26,47.82,+1.83,-0.01,40,191280,
152,10:31:23,47.83,+1.85,0.01,19,90877,
153,10:31:20,47.82,+1.83,-0.01,20,95640,
154,10:31:17,47.83,+1.85,-0.02,93,444819,
155,10:31:14,47.85,+1.90,0.0,39,186615,
156,10:31:11,47.85,+1.90,0.0,20,95700,
157,10:31:08,47.85,+1.90,0.0,22,105270,
158,10:31:05,47.85,+1.90,0.0,64,306240,
159,10:31:02,47.85,+1.90,0.0,117,559845,
160,10:30:59,47.85,+1.90,-0.02,102,488070,
161,10:30:56,47.87,+1.94,0.04,34,162758,
162,10:30:53,47.83,+1.85,-0.03,66,315678,
163,10:30:50,47.86,+1.92,0.03,62,296732,
164,10:30:47,47.83,+1.85,0.0,35,167405,
165,10:30:44,47.83,+1.85,0.0,37,176971,
166,10:30:41,47.83,+1.85,-0.02,30,143490,
167,10:30:38,47.85,+1.90,0.0,58,277530,
168,10:30:35,47.85,+1.90,0.0,60,287100,
169,10:30:32,47.85,+1.90,0.02,41,196185,
170,10:30:29,47.83,+1.85,-0.02,69,330027,
171,10:30:26,47.85,+1.90,0.02,77,368445,
172,10:30:23,47.83,+1.85,-0.02,43,205669,
173,10:30:20,47.85,+1.90,0.0,30,143550,
174,10:30:17,47.85,+1.90,0.02,23,110055,
175,10:30:14,47.83,+1.85,-0.05,110,526130,
176,10:30:11,47.88,+1.96,0.03,171,818748,
177,10:30:08,47.85,+1.90,-0.03,26,124410,
178,10:30:05,47.88,+1.96,0.02,36,172368,
179,10:30:02,47.86,+1.92,-0.01,83,397238,
180,10:29:59,47.87,+1.94,-0.01,68,325516,
181,10:29:56,47.88,+1.96,-0.02,67,320796,
182,10:29:53,47.9,+2.00,0.04,40,191600,
183,10:29:50,47.86,+1.92,-0.01,36,172296,
184,10:29:47,47.87,+1.94,-0.05,29,138823,
185,10:29:44,47.92,+2.04,0.0,103,493576,
186,10:29:41,47.92,+2.04,-0.01,118,565456,
187,10:29:38,47.93,+2.07,0.0,123,589539,
188,10:29:35,47.93,+2.07,-0.01,415,1989095,
189,10:29:32,47.94,+2.09,-0.01,58,278052,
190,10:29:29,47.95,+2.11,0.01,83,397985,
191,10:29:26,47.94,+2.09,0.01,39,186966,
192,10:29:23,47.93,+2.07,0.0,107,512851,
193,10:29:20,47.93,+2.07,0.0,100,479300,
194,10:29:17,47.93,+2.07,0.01,186,891498,
195,10:29:14,47.92,+2.04,0.0,16,76672,
196,10:29:14,47.92,+2.04,0.0,16,76672,
197,10:29:11,47.92,+2.04,0.02,147,704424,
198,10:29:08,47.9,+2.00,-0.02,70,335300,
199,10:29:02,47.92,+2.04,0.01,132,632544,
200,10:28:58,47.91,+2.02,0.05,226,1082766,
201,10:28:56,47.86,+1.92,0.0,119,569534,
202,10:28:53,47.86,+1.92,0.0,32,153152,
203,10:28:50,47.86,+1.92,0.0,38,181868,
204,10:28:47,47.86,+1.92,0.01,26,124436,
205,10:28:44,47.85,+1.90,0.0,9,43065,
206,10:28:40,47.85,+1.90,0.0,95,454575,
207,10:28:37,47.85,+1.90,0.02,26,124410,
208,10:28:34,47.83,+1.85,0.0,20,95660,
209,10:28:31,47.83,+1.85,0.0,83,396989,
210,10:28:28,47.83,+1.85,0.01,1,4783,
211,10:28:25,47.82,+1.83,0.01,106,506892,
212,10:28:22,47.81,+1.81,0.0,25,119525,
213,10:28:19,47.81,+1.81,0.01,76,363356,
214,10:28:16,47.8,+1.79,-0.01,59,282020,
215,10:28:13,47.81,+1.81,0.01,21,100401,
216,10:28:10,47.8,+1.79,0.04,38,181640,
217,10:28:07,47.76,+1.70,-0.03,26,124176,
218,10:28:04,47.79,+1.77,0.01,41,195939,
219,10:28:01,47.78,+1.75,-0.01,42,200676,
220,10:27:58,47.79,+1.77,-0.01,19,90801,
221,10:27:55,47.8,+1.79,0.01,13,62140,
222,10:27:52,47.79,+1.77,0.02,54,258066,
223,10:27:49,47.77,+1.72,-0.01,19,90763,
224,10:27:46,47.78,+1.75,-0.02,20,95560,
225,10:27:43,47.8,+1.79,0.03,98,468440,
226,10:27:40,47.77,+1.72,0.03,16,76432,
227,10:27:37,47.74,+1.66,-0.06,88,420112,
228,10:27:34,47.8,+1.79,-0.02,14,66920,
229,10:27:31,47.82,+1.83,0.0,2,9564,
230,10:27:28,47.82,+1.83,0.0,96,459072,
231,10:27:25,47.82,+1.83,0.02,23,109986,
232,10:27:22,47.8,+1.79,-0.02,145,693100,
233,10:27:19,47.82,+1.83,0.0,87,416034,
234,10:27:16,47.82,+1.83,0.0,42,200844,
235,10:27:13,47.82,+1.83,-0.01,29,138678,
236,10:27:10,47.83,+1.85,0.01,22,105226,
237,10:27:07,47.82,+1.83,0.01,11,52602,
238,10:27:04,47.81,+1.81,-0.04,52,248612,
239,10:27:01,47.85,+1.90,-0.03,22,105270,
240,10:26:58,47.88,+1.96,0.0,135,646380,
241,10:26:55,47.88,+1.96,0.02,89,426132,
242,10:26:52,47.86,+1.92,-0.04,26,124436,
243,10:26:49,47.9,+2.00,-0.02,25,119750,
244,10:26:46,47.92,+2.04,0.02,183,876936,
245,10:26:43,47.9,+2.00,-0.03,55,263450,
246,10:26:40,47.93,+2.07,0.03,99,474507,
247,10:26:37,47.9,+2.00,0.0,97,464630,
248,10:26:34,47.9,+2.00,-0.05,120,574800,
249,10:26:31,47.95,+2.11,0.0,227,1088465,
250,10:26:28,47.95,+2.11,0.0,241,1155595,
251,10:26:25,47.95,+2.11,0.0,140,671300,
252,10:26:22,47.95,+2.11,-0.01,310,1486450,
253,10:26:19,47.96,+2.13,0.01,160,767360,
254,10:26:16,47.95,+2.11,0.0,265,1270675,
255,10:26:13,47.95,+2.11,0.0,258,1237110,
256,10:26:10,47.95,+2.11,0.0,176,843920,
257,10:26:07,47.95,+2.11,0.0,76,364420,
258,10:26:04,47.95,+2.11,0.0,368,1764560,
259,10:26:01,47.95,+2.11,0.0,143,685685,
260,10:26:01,47.95,+2.11,0.0,143,685685,
261,10:25:57,47.95,+2.11,0.03,54,258930,
262,10:25:55,47.92,+2.04,-0.03,91,436072,
263,10:25:52,47.95,+2.11,-0.01,73,350035,
264,10:25:49,47.96,+2.13,0.05,29,139084,
265,10:25:46,47.91,+2.02,-0.01,109,522219,
266,10:25:43,47.92,+2.04,0.02,139,666088,
267,10:25:40,47.9,+2.00,0.01,161,771190,
268,10:25:36,47.89,+1.98,0.0,53,253817,
269,10:25:34,47.89,+1.98,0.03,22,105358,
270,10:25:31,47.86,+1.92,0.0,372,1780392,
271,10:25:28,47.86,+1.92,0.01,67,320662,
272,10:25:25,47.85,+1.90,0.02,140,669900,
273,10:25:21,47.83,+1.85,0.0,18,86094,
274,10:25:19,47.83,+1.85,0.02,12,57396,
275,10:25:14,47.81,+1.81,0.01,15,71715,
276,10:25:11,47.8,+1.79,0.03,22,105160,
277,10:25:08,47.77,+1.72,0.02,720,3439440,
278,10:25:05,47.75,+1.68,0.0,31,148025,
279,10:25:02,47.75,+1.68,0.01,118,563450,
280,10:24:59,47.74,+1.66,0.0,46,219604,
281,10:24:56,47.74,+1.66,0.02,224,1069376,
282,10:24:53,47.72,+1.62,-0.02,586,2796392,
283,10:24:50,47.74,+1.66,0.02,11,52514,
284,10:24:47,47.72,+1.62,0.01,35,167020,
285,10:24:44,47.71,+1.60,0.0,18,85878,
286,10:24:41,47.71,+1.60,-0.01,7,33397,
287,10:24:39,47.72,+1.62,0.03,87,415164,
288,10:24:35,47.69,+1.55,0.02,21,100149,
289,10:24:32,47.67,+1.51,-0.03,129,614943,
290,10:24:29,47.7,+1.58,0.05,87,414990,
291,10:24:26,47.65,+1.47,0.0,10,48460,
292,10:24:23,47.65,+1.47,-0.01,27,128655,
293,10:24:20,47.66,+1.49,0.01,14,66724,
294,10:24:17,47.65,+1.47,0.02,41,195365,
295,10:24:14,47.63,+1.43,0.0,19,90497,
296,10:24:12,47.63,+1.43,0.0,72,342936,
297,10:24:08,47.63,+1.43,0.01,87,414381,
298,10:24:05,47.62,+1.41,0.0,35,166670,
299,10:24:02,47.62,+1.41,-0.01,15,71430,
300,10:23:59,47.63,+1.43,0.01,15,71445,
301,10:23:56,47.62,+1.41,0.0,6,28572,
302,10:23:53,47.62,+1.41,-0.01,78,371436,
303,10:23:50,47.63,+1.43,0.01,19,90497,
304,10:23:47,47.62,+1.41,0.01,11,52382,
305,10:23:44,47.61,+1.38,-0.02,49,237241,
306,10:23:41,47.63,+1.43,-0.02,56,266728,
307,10:23:38,47.65,+1.47,0.03,4,19060,
308,10:23:35,47.62,+1.41,0.0,0,0,
309,10:23:32,47.62,+1.41,-0.04,29,138098,
310,10:23:29,47.66,+1.49,0.01,44,209704,
311,10:23:26,47.65,+1.47,-0.01,25,119125,
312,10:23:23,47.66,+1.49,-0.01,10,47660,
313,10:23:20,47.67,+1.51,0.01,9,42903,
314,10:23:17,47.66,+1.49,0.0,21,100086,
315,10:23:14,47.66,+1.49,-0.03,13,61958,
316,10:23:11,47.69,+1.55,0.0,5,23845,
317,10:23:08,47.69,+1.55,-0.01,46,219374,
318,10:23:05,47.7,+1.58,0.0,48,228960,
319,10:23:02,47.7,+1.58,0.0,11,52470,
320,10:22:59,47.7,+1.58,-0.02,15,71550,
321,10:22:56,47.72,+1.62,-0.03,19,90668,
322,10:22:53,47.75,+1.68,0.03,146,697150,
323,10:22:50,47.72,+1.62,0.0,9,42948,
324,10:22:50,47.72,+1.62,0.0,9,42948,
325,10:22:50,47.72,+1.62,-0.03,9,42948,
326,10:22:47,47.75,+1.68,0.0,211,1007525,
327,10:22:44,47.75,+1.68,0.0,17,81175,
328,10:22:42,47.75,+1.68,0.0,58,276950,
329,10:22:38,47.75,+1.68,-0.01,13,62075,
330,10:22:35,47.76,+1.70,0.01,50,238800,
331,10:22:32,47.75,+1.68,-0.01,10,47750,
332,10:22:29,47.76,+1.70,-0.01,48,229248,
333,10:22:26,47.77,+1.72,0.0,41,195857,
334,10:22:23,47.77,+1.72,0.0,74,353498,
335,10:22:20,47.77,+1.72,0.02,63,300951,
336,10:22:17,47.75,+1.68,-0.04,109,520475,
337,10:22:14,47.79,+1.77,0.0,41,195939,
338,10:22:12,47.79,+1.77,0.02,28,133812,
339,10:22:08,47.77,+1.72,0.04,341,1628957,
340,10:22:05,47.73,+1.64,-0.04,162,773226,
341,10:22:02,47.77,+1.72,0.0,236,1127372,
342,10:21:59,47.77,+1.72,0.0,72,343944,
343,10:21:56,47.77,+1.72,0.01,176,840752,
344,10:21:53,47.76,+1.70,0.0,41,195816,
345,10:21:50,47.76,+1.70,-0.01,63,300888,
346,10:21:47,47.77,+1.72,0.0,19,90763,
347,10:21:44,47.77,+1.72,0.05,79,377383,
348,10:21:41,47.72,+1.62,0.0,8,38176,
349,10:21:38,47.72,+1.62,0.0,31,147932,
350,10:21:35,47.72,+1.62,0.02,69,329268,
351,10:21:32,47.7,+1.58,0.07,18,85860,
352,10:21:30,47.63,+1.43,-0.05,85,404855,
353,10:21:26,47.68,+1.53,0.06,168,801835,
354,10:21:23,47.62,+1.41,0.0,24,114288,
355,10:21:20,47.62,+1.41,0.01,6,28572,
356,10:21:17,47.61,+1.38,0.0,13,61893,
357,10:21:14,47.61,+1.38,0.04,18,85698,
358,10:21:11,47.57,+1.30,-0.03,17,80869,
359,10:21:08,47.6,+1.36,0.0,71,337960,
360,10:21:05,47.6,+1.36,0.02,123,585480,
361,10:21:02,47.58,+1.32,-0.02,2,9516,
362,10:20:59,47.6,+1.36,0.09,9,42840,
363,10:20:56,47.51,+1.17,-0.01,46,218546,
364,10:20:53,47.52,+1.19,0.01,23,109296,
365,10:20:50,47.51,+1.17,0.01,444,2109444,
366,10:20:47,47.5,+1.15,0.0,73,349553,
367,10:20:44,47.5,+1.15,0.0,10,47500,
368,10:20:38,47.5,+1.15,0.0,20,95000,
369,10:20:35,47.5,+1.15,0.01,72,342000,
370,10:20:32,47.49,+1.13,0.01,49,232701,
371,10:20:29,47.48,+1.11,0.0,81,384588,
372,10:20:26,47.48,+1.11,0.01,57,270636,
373,10:20:23,47.47,+1.09,-0.01,51,242097,
374,10:20:20,47.48,+1.11,0.0,46,218408,
375,10:20:17,47.48,+1.11,0.0,22,104456,
376,10:20:14,47.48,+1.11,-0.01,22,104456,
377,10:20:11,47.49,+1.13,-0.01,43,204207,
378,10:20:08,47.5,+1.15,0.02,51,242250,
379,10:20:05,47.48,+1.11,-0.02,51,242148,
380,10:20:02,47.5,+1.15,0.0,8,38000,
381,10:19:59,47.5,+1.15,0.02,18,85500,
382,10:19:56,47.48,+1.11,-0.02,69,327612,
383,10:19:53,47.5,+1.15,-0.02,61,289750,
384,10:19:50,47.52,+1.19,0.0,63,299376,
385,10:19:47,47.52,+1.19,0.0,19,90288,
386,10:19:44,47.52,+1.19,0.0,83,394416,
387,10:19:41,47.52,+1.19,-0.01,48,228096,
388,10:19:38,47.53,+1.21,0.01,28,133084,
389,10:19:32,47.52,+1.19,0.0,43,204336,
390,10:19:32,47.52,+1.19,-0.01,43,204336,
391,10:19:29,47.53,+1.21,-0.02,27,128331,
392,10:19:26,47.55,+1.26,0.0,36,171180,
393,10:19:23,47.55,+1.26,0.03,18,85590,
394,10:19:20,47.52,+1.19,-0.04,60,285120,
395,10:19:17,47.56,+1.28,-0.02,6,28536,
396,10:19:14,47.58,+1.32,0.02,8,38064,
397,10:19:11,47.56,+1.28,0.0,18,85608,
398,10:19:08,47.56,+1.28,-0.07,2,9512,
399,10:19:05,47.63,+1.43,0.02,38,180994,
400,10:19:02,47.61,+1.38,0.0,38,180918,
401,10:18:59,47.61,+1.38,0.0,3,14283,
402,10:18:56,47.61,+1.38,-0.02,81,385641,
403,10:18:53,47.63,+1.43,0.0,23,109549,
404,10:18:50,47.63,+1.43,-0.01,105,500115,
405,10:18:47,47.64,+1.45,0.02,118,562152,
406,10:18:44,47.62,+1.41,-0.02,25,119050,
407,10:18:41,47.64,+1.45,0.02,58,276312,
408,10:18:38,47.62,+1.41,0.0,15,71430,
409,10:18:35,47.62,+1.41,0.0,24,114288,
410,10:18:32,47.62,+1.41,0.01,10,47620,
411,10:18:29,47.61,+1.38,0.0,126,599886,
412,10:18:26,47.61,+1.38,0.0,15,71415,
413,10:18:23,47.61,+1.38,0.0,8,38088,
414,10:18:20,47.61,+1.38,-0.01,29,138069,
415,10:18:17,47.62,+1.41,0.03,55,261910,
416,10:18:14,47.59,+1.34,-0.01,50,237950,
417,10:18:11,47.6,+1.36,0.01,65,309400,
418,10:18:08,47.59,+1.34,-0.01,43,204637,
419,10:18:05,47.6,+1.36,0.0,71,337960,
420,10:18:02,47.6,+1.36,0.0,22,104720,
421,10:17:59,47.6,+1.36,0.0,265,1261400,
422,10:17:56,47.6,+1.36,0.01,61,290360,
423,10:17:53,47.59,+1.34,-0.01,65,309335,
424,10:17:50,47.6,+1.36,0.0,112,533120,
425,10:17:47,47.6,+1.36,0.01,31,147560,
426,10:17:44,47.59,+1.34,0.0,39,185601,
427,10:17:41,47.59,+1.34,-0.01,10,47590,
428,10:17:38,47.6,+1.36,0.05,140,666400,
429,10:17:35,47.55,+1.26,0.0,7,33285,
430,10:17:32,47.55,+1.26,-0.04,6,28530,
431,10:17:29,47.59,+1.34,0.04,49,233191,
432,10:17:26,47.55,+1.26,0.0,45,213975,
433,10:17:23,47.55,+1.26,0.01,6,28530,
434,10:17:20,47.54,+1.24,0.02,66,313764,
435,10:17:17,47.52,+1.19,0.01,30,142560,
436,10:17:14,47.51,+1.17,0.0,172,817172,
437,10:17:11,47.51,+1.17,0.03,274,1301774,
438,10:17:08,47.48,+1.11,0.01,40,189920,
439,10:17:05,47.47,+1.09,0.0,148,702556,
440,10:17:02,47.47,+1.09,0.0,18,85446,
441,10:16:59,47.47,+1.09,0.02,43,204121,
442,10:16:56,47.45,+1.04,0.0,9,42705,
443,10:16:53,47.45,+1.04,0.0,21,99645,
444,10:16:50,47.45,+1.04,-0.05,92,436540,
445,10:16:47,47.5,+1.15,0.07,359,1705250,
446,10:16:44,47.43,+1.00,-0.04,52,246636,
447,10:16:41,47.47,+1.09,0.02,80,379760,
448,10:16:38,47.45,+1.04,0.0,44,208780,
449,10:16:35,47.45,+1.04,0.0,32,151840,
450,10:16:32,47.45,+1.04,0.0,34,161330,
451,10:16:29,47.45,+1.04,0.0,25,118625,
452,10:16:26,47.45,+1.04,-0.05,19,90155,
453,10:16:23,47.5,+1.15,-0.05,38,180500,
454,10:16:23,47.5,+1.15,0.03,38,180500,
455,10:16:20,47.47,+1.09,0.0,64,303808,
456,10:16:17,47.47,+1.09,-0.03,25,118675,
457,10:16:14,47.5,+1.15,0.0,106,503500,
458,10:16:11,47.5,+1.15,0.03,64,304000,
459,10:16:08,47.47,+1.09,0.04,99,469953,
460,10:16:05,47.43,+1.00,-0.04,42,199206,
461,10:16:02,47.47,+1.09,0.02,35,166145,
462,10:15:59,47.45,+1.04,0.0,7,33215,
463,10:15:56,47.45,+1.04,0.04,14,66430,
464,10:15:53,47.41,+0.96,-0.09,41,194381,
465,10:15:50,47.5,+1.15,0.07,49,232750,
466,10:15:47,47.43,+1.00,-0.02,9,42687,
467,10:15:44,47.45,+1.04,0.05,40,189800,
468,10:15:41,47.4,+0.94,0.06,126,597240,
469,10:15:38,47.34,+0.81,-0.05,55,260370,
470,10:15:35,47.39,+0.92,0.08,67,317513,
471,10:15:32,47.31,+0.75,-0.03,268,1267908,
472,10:15:29,47.34,+0.81,0.03,105,497070,
473,10:15:26,47.31,+0.75,-0.03,89,421059,
474,10:15:23,47.34,+0.81,0.04,32,151488,
475,10:15:20,47.3,+0.72,-0.04,35,165550,
476,10:15:17,47.34,+0.81,0.03,65,307710,
477,10:15:14,47.31,+0.75,0.03,219,1036089,
478,10:15:11,47.28,+0.68,0.01,213,1007064,
479,10:15:08,47.27,+0.66,-0.04,179,846133,
480,10:15:05,47.31,+0.75,-0.06,82,387942,
481,10:15:02,47.37,+0.87,0.04,71,336327,
482,10:14:59,47.33,+0.79,0.0,80,378640,
483,10:14:56,47.33,+0.79,-0.06,63,298179,
484,10:14:53,47.39,+0.92,0.05,124,587636,
485,10:14:50,47.34,+0.81,-0.01,74,350316,
486,10:14:47,47.35,+0.83,-0.02,84,397740,
487,10:14:44,47.37,+0.87,-0.06,177,838449,
488,10:14:41,47.43,+1.00,-0.06,15,71145,
489,10:14:38,47.49,+1.13,0.03,82,389418,
490,10:14:35,47.46,+1.06,0.01,3,14238,
491,10:14:32,47.45,+1.04,-0.01,115,545675,
492,10:14:29,47.46,+1.06,-0.04,39,185094,
493,10:14:26,47.5,+1.15,0.0,20,95000,
494,10:14:23,47.5,+1.15,0.0,19,90250,
495,10:14:20,47.5,+1.15,0.0,59,280250,
496,10:14:17,47.5,+1.15,0.0,58,275500,
497,10:14:14,47.5,+1.15,-0.02,76,361000,
498,10:14:11,47.52,+1.19,0.01,3,14256,
499,10:14:08,47.51,+1.17,-0.03,30,142530,
500,10:14:05,47.54,+1.24,0.01,238,1131452,
501,10:14:02,47.53,+1.21,-0.02,23,109319,
502,10:13:59,47.55,+1.26,-0.01,26,123630,
503,10:13:56,47.56,+1.28,0.01,50,237800,
504,10:13:53,47.55,+1.26,-0.02,40,190200,
505,10:13:50,47.57,+1.30,0.02,118,561326,
506,10:13:47,47.55,+1.26,-0.03,22,104610,
507,10:13:44,47.58,+1.32,0.01,8,38064,
508,10:13:41,47.57,+1.30,0.01,56,266392,
509,10:13:38,47.56,+1.28,-0.04,29,137924,
510,10:13:35,47.6,+1.36,0.0,86,409360,
511,10:13:32,47.6,+1.36,0.04,80,380800,
512,10:13:29,47.56,+1.28,-0.04,35,166460,
513,10:13:26,47.6,+1.36,0.0,7,33320,
514,10:13:23,47.6,+1.36,-0.02,17,80920,
515,10:13:20,47.62,+1.41,0.04,54,257148,
516,10:13:17,47.58,+1.32,-0.03,112,532896,
517,10:13:14,47.61,+1.38,-0.01,48,228528,
518,10:13:11,47.62,+1.41,-0.01,82,390484,
519,10:13:11,47.62,+1.41,0.0,82,390484,
520,10:13:08,47.62,+1.41,0.0,25,119050,
521,10:13:05,47.62,+1.41,0.0,89,423818,
522,10:13:02,47.62,+1.41,0.0,40,190480,
523,10:12:59,47.62,+1.41,-0.01,65,309530,
524,10:12:56,47.63,+1.43,0.0,20,95260,
525,10:12:53,47.63,+1.43,0.01,14,66682,
526,10:12:50,47.62,+1.41,-0.01,23,109526,
527,10:12:47,47.63,+1.43,0.01,26,123838,
528,10:12:44,47.62,+1.41,-0.01,14,66668,
529,10:12:41,47.63,+1.43,-0.02,10,47630,
530,10:12:38,47.65,+1.47,0.02,64,304960,
531,10:12:35,47.63,+1.43,0.03,28,133364,
532,10:12:32,47.6,+1.36,-0.04,6,28560,
533,10:12:29,47.64,+1.45,0.04,130,619320,
534,10:12:26,47.6,+1.36,-0.03,121,579911,
535,10:12:23,47.63,+1.43,-0.01,116,552508,
536,10:12:20,47.64,+1.45,0.01,72,343008,
537,10:12:17,47.63,+1.43,0.02,126,600138,
538,10:12:14,47.61,+1.38,-0.01,32,152352,
539,10:12:11,47.62,+1.41,0.01,45,214290,
540,10:12:08,47.61,+1.38,0.0,28,133308,
541,10:12:05,47.61,+1.38,0.0,13,61893,
542,10:12:02,47.61,+1.38,-0.01,195,928395,
543,10:11:59,47.62,+1.41,0.0,31,147622,
544,10:11:56,47.62,+1.41,0.0,40,190480,
545,10:11:53,47.62,+1.41,0.0,13,61906,
546,10:11:50,47.62,+1.41,-0.06,6,28572,
547,10:11:47,47.68,+1.53,0.03,169,805792,
548,10:11:44,47.65,+1.47,0.03,41,195365,
549,10:11:41,47.62,+1.41,-0.03,51,242862,
550,10:11:38,47.65,+1.47,-0.03,9,42885,
551,10:11:35,47.68,+1.53,0.03,13,61984,
552,10:11:32,47.65,+1.47,-0.03,20,95300,
553,10:11:29,47.68,+1.53,-0.02,54,257472,
554,10:11:26,47.7,+1.58,0.0,68,324360,
555,10:11:23,47.7,+1.58,0.0,167,796590,
556,10:11:20,47.7,+1.58,-0.05,71,338670,
557,10:11:17,47.75,+1.68,0.0,68,324700,
558,10:11:14,47.75,+1.68,0.05,83,396325,
559,10:11:11,47.7,+1.58,-0.05,106,505620,
560,10:11:08,47.75,+1.68,0.0,47,224425,
561,10:11:05,47.75,+1.68,0.02,107,510925,
562,10:11:02,47.73,+1.64,0.03,112,534576,
563,10:10:59,47.7,+1.58,0.02,25,119250,
564,10:10:56,47.68,+1.53,-0.05,67,319456,
565,10:10:53,47.73,+1.64,0.05,122,582306,
566,10:10:50,47.68,+1.53,-0.01,2,9536,
567,10:10:47,47.69,+1.55,0.08,139,662891,
568,10:10:44,47.61,+1.38,-0.07,71,338031,
569,10:10:41,47.68,+1.53,0.04,16,76288,
570,10:10:38,47.64,+1.45,0.02,83,396222,
571,10:10:35,47.62,+1.41,0.02,38,180956,
572,10:10:32,47.6,+1.36,0.04,28,133280,
573,10:10:29,47.56,+1.28,0.01,32,152192,
574,10:10:26,47.55,+1.26,-0.05,115,546825,
575,10:10:23,47.6,+1.36,0.05,47,223720,
576,10:10:20,47.55,+1.26,0.0,49,232995,
577,10:10:17,47.55,+1.26,0.0,145,689475,
578,10:10:14,47.55,+1.26,-0.03,18,85590,
579,10:10:11,47.58,+1.32,0.03,41,195078,
580,10:10:08,47.55,+1.26,0.02,48,228240,
581,10:10:05,47.53,+1.21,-0.02,75,356475,
582,10:10:02,47.55,+1.26,0.0,51,242505,
583,10:09:59,47.55,+1.26,0.0,89,423195,
584,10:09:59,47.55,+1.26,0.0,89,423195,
585,10:09:59,47.55,+1.26,0.03,89,423195,
586,10:09:56,47.52,+1.19,-0.01,100,475200,
587,10:09:53,47.53,+1.21,-0.01,87,413511,
588,10:09:50,47.54,+1.24,-0.01,153,727362,
589,10:09:47,47.55,+1.26,0.04,133,632415,
590,10:09:44,47.51,+1.17,-0.02,54,256554,
591,10:09:41,47.53,+1.21,0.0,6,28518,
592,10:09:38,47.53,+1.21,0.0,38,180614,
593,10:09:35,47.53,+1.21,-0.02,59,280427,
594,10:09:32,47.55,+1.26,-0.06,11,52305,
595,10:09:29,47.61,+1.38,0.03,28,133308,
596,10:09:26,47.58,+1.32,-0.02,61,290238,
597,10:09:23,47.6,+1.36,-0.05,82,394271,
598,10:09:20,47.65,+1.47,0.03,41,196175,
599,10:09:17,47.62,+1.41,0.0,110,523820,
600,10:09:14,47.62,+1.41,-0.06,86,409532,
601,10:09:11,47.68,+1.53,0.02,168,801024,
602,10:09:08,47.66,+1.49,-0.02,53,252598,
603,10:09:05,47.68,+1.53,0.02,149,710432,
604,10:09:02,47.66,+1.49,-0.03,215,1024690,
605,10:08:59,47.69,+1.55,-0.03,312,1487928,
606,10:08:56,47.72,+1.62,0.03,140,668080,
607,10:08:53,47.69,+1.55,-0.01,70,333830,
608,10:08:50,47.7,+1.58,0.01,76,362520,
609,10:08:47,47.69,+1.55,0.02,120,572280,
610,10:08:44,47.67,+1.51,-0.01,201,958167,
611,10:08:41,47.68,+1.53,0.0,71,338528,
612,10:08:38,47.68,+1.53,0.02,114,543552,
613,10:08:35,47.66,+1.49,0.0,174,829284,
614,10:08:32,47.66,+1.49,0.06,47,224002,
615,10:08:29,47.6,+1.36,0.0,39,185640,
616,10:08:26,47.6,+1.36,-0.01,102,485520,
617,10:08:23,47.61,+1.38,0.08,64,304704,
618,10:08:20,47.53,+1.21,0.03,147,698691,
619,10:08:17,47.5,+1.15,0.0,156,741000,
620,10:08:14,47.5,+1.15,-0.01,53,251750,
621,10:08:11,47.51,+1.17,0.05,196,931196,
622,10:08:08,47.46,+1.06,-0.04,51,242046,
623,10:08:05,47.5,+1.15,0.0,114,541500,
624,10:08:02,47.5,+1.15,0.0,176,836000,
625,10:07:59,47.5,+1.15,0.14,151,717250,
626,10:07:56,47.36,+0.85,-0.12,176,833536,
627,10:07:53,47.48,+1.11,0.01,91,432068,
628,10:07:50,47.47,+1.09,-0.03,47,223109,
629,10:07:47,47.5,+1.15,0.0,62,294500,
630,10:07:44,47.5,+1.15,-0.01,40,190000,
631,10:07:41,47.51,+1.17,-0.01,142,674642,
632,10:07:38,47.52,+1.19,-0.08,20,95040,
633,10:07:35,47.6,+1.36,0.0,18,85680,
634,10:07:32,47.6,+1.36,-0.08,111,528360,
635,10:07:29,47.68,+1.53,0.0,129,615072,
636,10:07:26,47.68,+1.53,0.0,48,228864,
637,10:07:20,47.68,+1.53,-0.04,111,529248,
638,10:07:17,47.72,+1.62,0.01,96,458112,
639,10:07:13,47.71,+1.60,-0.02,46,219466,
640,10:07:11,47.73,+1.64,-0.04,76,362748,
641,10:07:07,47.77,+1.72,0.0,94,449038,
642,10:07:05,47.77,+1.72,0.0,265,1265905,
643,10:07:02,47.77,+1.72,-0.01,65,310505,
644,10:06:59,47.78,+1.75,0.0,241,1151498,
645,10:06:56,47.78,+1.75,-0.01,77,367906,
646,10:06:53,47.79,+1.77,-0.01,143,683397,
647,10:06:50,47.8,+1.79,0.0,228,1089840,
648,10:06:47,47.8,+1.79,0.0,60,286800,
649,10:06:47,47.8,+1.79,0.0,60,286800,
650,10:06:47,47.8,+1.79,-0.05,60,286800,
651,10:06:44,47.85,+1.90,0.0,135,645975,
652,10:06:40,47.85,+1.90,-0.01,44,210540,
653,10:06:37,47.86,+1.92,0.06,169,808834,
654,10:06:34,47.8,+1.79,0.0,123,587940,
655,10:06:31,47.8,+1.79,-0.06,159,760020,
656,10:06:29,47.86,+1.92,0.06,155,741830,
657,10:06:25,47.8,+1.79,0.0,133,635740,
658,10:06:22,47.8,+1.79,-0.07,72,344160,
659,10:06:19,47.87,+1.94,0.08,231,1105797,
660,10:06:16,47.79,+1.77,-0.01,43,205497,
661,10:06:13,47.8,+1.79,-0.06,212,1013360,
662,10:06:10,47.86,+1.92,-0.01,36,172296,
663,10:06:07,47.87,+1.94,0.02,178,852086,
664,10:06:04,47.85,+1.90,0.01,127,607695,
665,10:06:01,47.84,+1.87,0.04,80,382720,
666,10:05:58,47.8,+1.79,-0.01,83,396740,
667,10:05:55,47.81,+1.81,0.01,61,291641,
668,10:05:52,47.8,+1.79,0.02,67,320260,
669,10:05:49,47.78,+1.75,0.0,118,563804,
670,10:05:46,47.78,+1.75,0.01,65,310570,
671,10:05:43,47.77,+1.72,-0.01,169,807313,
672,10:05:40,47.78,+1.75,0.01,116,554248,
673,10:05:37,47.77,+1.72,0.0,114,544578,
674,10:05:34,47.77,+1.72,0.02,78,372606,
675,10:05:31,47.75,+1.68,0.0,55,262625,
676,10:05:28,47.75,+1.68,0.03,39,186225,
677,10:05:25,47.72,+1.62,-0.03,91,434252,
678,10:05:22,47.75,+1.68,0.03,89,424975,
679,10:05:19,47.72,+1.62,-0.01,77,367444,
680,10:05:16,47.73,+1.64,-0.04,86,410478,
681,10:05:13,47.77,+1.72,0.0,65,310505,
682,10:05:10,47.77,+1.72,0.05,214,1022278,
683,10:05:07,47.72,+1.62,-0.06,177,844644,
684,10:05:04,47.78,+1.75,0.07,428,2044984,
685,10:05:01,47.71,+1.60,-0.02,59,281489,
686,10:04:58,47.73,+1.64,-0.05,74,353202,
687,10:04:55,47.78,+1.75,0.01,67,320126,
688,10:04:52,47.77,+1.72,-0.02,170,812090,
689,10:04:49,47.79,+1.77,-0.01,99,473121,
690,10:04:46,47.8,+1.79,-0.04,86,411080,
691,10:04:43,47.84,+1.87,-0.05,175,837200,
692,10:04:40,47.89,+1.98,0.03,202,967378,
693,10:04:37,47.86,+1.92,-0.04,144,689184,
694,10:04:34,47.9,+2.00,0.0,387,1853730,
695,10:04:31,47.9,+2.00,0.0,363,1738770,
696,10:04:28,47.9,+2.00,-0.05,230,1101700,
697,10:04:25,47.95,+2.11,0.0,677,3246215,
698,10:04:22,47.95,+2.11,-0.02,385,1846075,
699,10:04:19,47.97,+2.15,0.01,109,522873,
700,10:04:16,47.96,+2.13,0.05,333,1597068,
701,10:04:13,47.91,+2.02,-0.04,143,685113,
702,10:04:10,47.95,+2.11,-0.01,99,474705,
703,10:04:07,47.96,+2.13,0.06,141,676236,
704,10:04:04,47.9,+2.00,-0.02,376,1801040,
705,10:04:01,47.92,+2.04,0.02,548,2626016,
706,10:03:58,47.9,+2.00,0.05,183,876570,
707,10:03:55,47.85,+1.90,-0.02,127,607695,
708,10:03:52,47.87,+1.94,-0.01,144,689328,
709,10:03:49,47.88,+1.96,0.03,167,799596,
710,10:03:46,47.85,+1.90,0.01,119,569415,
711,10:03:43,47.84,+1.87,0.04,108,516672,
712,10:03:39,47.8,+1.79,0.0,410,1959800,
713,10:03:35,47.8,+1.79,0.0,181,865180,
714,10:03:35,47.8,+1.79,0.0,181,865180,
715,10:03:35,47.8,+1.79,0.01,181,865180,
716,10:03:32,47.79,+1.77,0.03,122,583038,
717,10:03:29,47.76,+1.70,0.0,625,2985000,
718,10:03:26,47.76,+1.70,-0.02,166,792816,
719,10:03:23,47.78,+1.75,0.08,103,492134,
720,10:03:20,47.7,+1.58,0.0,132,629640,
721,10:03:17,47.7,+1.58,0.0,105,500850,
722,10:03:14,47.7,+1.58,0.0,53,252810,
723,10:03:12,47.7,+1.58,0.02,306,1460049,
724,10:03:08,47.68,+1.53,0.0,281,1339808,
725,10:03:05,47.68,+1.53,-0.01,393,1873824,
726,10:03:02,47.69,+1.55,-0.01,112,534128,
727,10:02:59,47.7,+1.58,0.01,140,667800,
728,10:02:56,47.69,+1.55,0.0,112,534128,
729,10:02:53,47.69,+1.55,-0.01,79,376751,
730,10:02:50,47.7,+1.58,-0.07,191,911070,
731,10:02:47,47.77,+1.72,-0.03,94,449038,
732,10:02:44,47.8,+1.79,0.0,149,712220,
733,10:02:42,47.8,+1.79,0.03,222,1061160,
734,10:02:38,47.77,+1.72,-0.07,309,1476093,
735,10:02:35,47.84,+1.87,0.01,310,1483040,
736,10:02:32,47.83,+1.85,-0.02,123,588309,
737,10:02:29,47.85,+1.90,-0.05,318,1521630,
738,10:02:26,47.9,+2.00,0.05,284,1360360,
739,10:02:23,47.85,+1.90,0.0,158,756030,
740,10:02:20,47.85,+1.90,-0.05,561,2684385,
741,10:02:17,47.9,+2.00,0.06,226,1082540,
742,10:02:14,47.84,+1.87,-0.04,193,923312,
743,10:02:11,47.88,+1.96,0.04,1096,5247648,
744,10:02:08,47.84,+1.87,-0.01,180,861120,
745,10:02:05,47.85,+1.90,0.05,276,1320660,
746,10:02:02,47.8,+1.79,0.03,300,1434000,
747,10:01:59,47.77,+1.72,-0.02,175,835975,
748,10:01:56,47.79,+1.77,0.01,456,2179224,
749,10:01:53,47.78,+1.75,0.03,194,926932,
750,10:01:50,47.75,+1.68,0.0,89,424975,
751,10:01:47,47.75,+1.68,0.05,219,1045725,
752,10:01:44,47.7,+1.58,0.02,141,672570,
753,10:01:41,47.68,+1.53,0.01,103,491104,
754,10:01:38,47.67,+1.51,0.0,196,934332,
755,10:01:35,47.67,+1.51,0.01,252,1201284,
756,10:01:32,47.66,+1.49,0.02,70,333620,
757,10:01:29,47.64,+1.45,-0.01,65,309660,
758,10:01:26,47.65,+1.47,0.0,361,1720165,
759,10:01:23,47.65,+1.47,0.03,135,643275,
760,10:01:20,47.62,+1.41,0.04,115,547820,
761,10:01:17,47.58,+1.32,-0.02,179,851682,
762,10:01:14,47.6,+1.36,0.02,367,1746920,
763,10:01:11,47.58,+1.32,0.07,103,490074,
764,10:01:08,47.51,+1.17,-0.04,162,769662,
765,10:01:05,47.55,+1.26,0.05,242,1150710,
766,10:01:02,47.5,+1.15,0.0,123,584250,
767,10:00:59,47.5,+1.15,0.0,102,484500,
768,10:00:56,47.5,+1.15,0.08,306,1453500,
769,10:00:53,47.42,+0.98,0.0,18,85356,
770,10:00:50,47.42,+0.98,-0.07,306,1451052,
771,10:00:47,47.49,+1.13,-0.01,73,346677,
772,10:00:44,47.5,+1.15,0.0,217,1030750,
773,10:00:41,47.5,+1.15,0.0,87,413250,
774,10:00:38,47.5,+1.15,-0.03,77,365750,
775,10:00:35,47.53,+1.21,-0.01,103,489559,
776,10:00:32,47.54,+1.24,0.04,83,394582,
777,10:00:29,47.5,+1.15,0.0,92,437000,
778,10:00:26,47.5,+1.15,-0.04,492,2337000,
779,10:00:23,47.54,+1.24,0.0,81,385074,
780,10:00:23,47.54,+1.24,0.0,81,385074,
781,10:00:23,47.54,+1.24,0.02,81,385074,
782,10:00:20,47.52,+1.19,0.02,131,622512,
783,10:00:17,47.5,+1.15,0.0,99,470250,
784,10:00:14,47.5,+1.15,0.0,164,779000,
785,10:00:11,47.5,+1.15,0.0,69,327750,
786,10:00:08,47.5,+1.15,0.01,264,1254000,
787,10:00:05,47.49,+1.13,-0.01,164,778836,
788,10:00:02,47.5,+1.15,-0.03,235,1116250,
789,09:59:59,47.53,+1.21,-0.02,144,684432,
790,09:59:56,47.55,+1.26,-0.05,133,632415,
791,09:59:53,47.6,+1.36,0.0,261,1242360,
792,09:59:50,47.6,+1.36,0.01,243,1156680,
793,09:59:47,47.59,+1.34,-0.01,262,1246858,
794,09:59:44,47.6,+1.36,0.0,186,885360,
795,09:59:41,47.6,+1.36,-0.04,323,1537480,
796,09:59:38,47.64,+1.45,0.04,149,709836,
797,09:59:35,47.6,+1.36,0.0,217,1032920,
798,09:59:32,47.6,+1.36,0.0,236,1123360,
799,09:59:29,47.6,+1.36,-0.03,244,1161440,
800,09:59:26,47.63,+1.43,-0.01,94,447722,
801,09:59:23,47.64,+1.45,0.14,247,1176708,
802,09:59:20,47.5,+1.15,0.0,1497,7110750,
803,09:59:17,47.5,+1.15,0.0,42,199500,
804,09:59:14,47.5,+1.15,0.03,1042,4949500,
805,09:59:11,47.47,+1.09,0.06,137,650339,
806,09:59:08,47.41,+0.96,0.01,29,137489,
807,09:59:05,47.4,+0.94,0.06,166,786840,
808,09:59:02,47.34,+0.81,0.01,35,165690,
809,09:58:59,47.33,+0.79,0.03,162,766746,
810,09:58:56,47.3,+0.72,-0.02,44,208120,
811,09:58:53,47.32,+0.77,0.05,128,605696,
812,09:58:50,47.27,+0.66,0.01,213,1006851,
813,09:58:47,47.26,+0.64,0.02,58,274108,
814,09:58:44,47.24,+0.60,-0.02,77,363748,
815,09:58:41,47.26,+0.64,0.08,522,2466972,
816,09:58:38,47.18,+0.47,-0.01,35,165130,
817,09:58:35,47.19,+0.49,-0.02,100,471900,
818,09:58:32,47.21,+0.53,0.03,118,557078,
819,09:58:29,47.18,+0.47,0.01,50,235900,
820,09:58:26,47.17,+0.45,-0.03,19,89623,
821,09:58:23,47.2,+0.51,0.03,99,467280,
822,09:58:20,47.17,+0.45,-0.01,226,1066042,
823,09:58:17,47.18,+0.47,0.05,21,99078,
824,09:58:14,47.13,+0.36,-0.02,275,1296075,
825,09:58:11,47.15,+0.40,-0.02,77,363055,
826,09:58:08,47.17,+0.45,-0.02,36,169812,
827,09:58:05,47.19,+0.49,0.07,22,103818,
828,09:58:02,47.12,+0.34,-0.07,158,744496,
829,09:57:59,47.19,+0.49,0.07,10,47190,
830,09:57:56,47.12,+0.34,-0.03,162,763344,
831,09:57:53,47.15,+0.40,-0.04,86,405490,
832,09:57:50,47.19,+0.49,0.09,46,217074,
833,09:57:47,47.1,+0.30,-0.09,48,226080,
834,09:57:44,47.19,+0.49,-0.01,75,353925,
835,09:57:41,47.2,+0.51,-0.03,29,136880,
836,09:57:38,47.23,+0.57,0.13,34,160582,
837,09:57:35,47.1,+0.30,-0.14,283,1332930,
838,09:57:32,47.24,+0.60,-0.01,76,359024,
839,09:57:29,47.25,+0.62,0.05,214,1011150,
840,09:57:26,47.2,+0.51,0.0,247,1165840,
841,09:57:23,47.2,+0.51,0.0,27,127440,
842,09:57:20,47.2,+0.51,0.05,208,981760,
843,09:57:17,47.15,+0.40,-0.05,72,339480,
844,09:57:14,47.2,+0.51,0.03,388,1831360,
845,09:57:11,47.17,+0.45,0.0,35,165095,
846,09:57:08,47.17,+0.45,0.0,8,37736,
847,09:57:08,47.17,+0.45,0.02,8,37736,
848,09:57:05,47.15,+0.40,-0.02,37,174455,
849,09:57:02,47.17,+0.45,-0.01,6,28302,
850,09:56:59,47.18,+0.47,0.03,50,235900,
851,09:56:56,47.15,+0.40,-0.03,36,169740,
852,09:56:53,47.18,+0.47,-0.01,31,146258,
853,09:56:50,47.19,+0.49,0.15,18,84942,
854,09:56:47,47.04,+0.17,-0.06,23,108192,
855,09:56:44,47.1,+0.30,0.0,11,51810,
856,09:56:41,47.1,+0.30,-0.08,17,80070,
857,09:56:38,47.18,+0.47,0.02,115,542570,
858,09:56:35,47.16,+0.43,0.16,269,1268604,
859,09:56:32,47.0,+0.09,0.0,67,314900,
860,09:56:29,47.0,+0.09,0.0,252,1184400,
861,09:56:26,47.0,+0.09,-0.01,126,592200,
862,09:56:23,47.01,+0.11,0.04,144,676944,
863,09:56:20,46.97,+0.02,0.02,5,23485,
864,09:56:17,46.95,-0.02,-0.01,24,112680,
865,09:56:14,46.96,0.00,-0.05,13,61048,
866,09:56:11,47.01,+0.11,0.01,50,235050,
867,09:56:08,47.0,+0.09,0.05,200,940000,
868,09:56:05,46.95,-0.02,0.0,98,460110,
869,09:56:02,46.95,-0.02,0.02,104,488280,
870,09:55:59,46.93,-0.06,-0.03,122,572546,
871,09:55:56,46.96,0.00,-0.01,11,51656,
872,09:55:53,46.97,+0.02,0.0,28,131516,
873,09:55:50,46.97,+0.02,0.02,32,150304,
874,09:55:47,46.95,-0.02,-0.05,31,145545,
875,09:55:44,47.0,+0.09,0.0,33,155100,
876,09:55:41,47.0,+0.09,0.0,30,141000,
877,09:55:38,47.0,+0.09,0.0,40,188000,
878,09:55:35,47.0,+0.09,0.02,20,94000,
879,09:55:32,46.98,+0.04,-0.03,91,427518,
880,09:55:29,47.01,+0.11,0.0,29,136329,
881,09:55:26,47.01,+0.11,-0.02,52,244452,
882,09:55:23,47.03,+0.15,-0.05,34,159902,
883,09:55:20,47.08,+0.26,-0.02,16,75328,
884,09:55:17,47.1,+0.30,0.0,197,931779,
885,09:55:14,47.1,+0.30,0.01,77,362670,
886,09:55:11,47.09,+0.28,-0.05,23,108307,
887,09:55:08,47.14,+0.38,0.02,51,240414,
888,09:55:05,47.12,+0.34,0.0,31,146072,
889,09:55:02,47.12,+0.34,-0.04,75,353400,
890,09:54:59,47.16,+0.43,0.0,87,410292,
891,09:54:56,47.16,+0.43,0.0,68,320688,
892,09:54:53,47.16,+0.43,-0.03,29,136764,
893,09:54:50,47.19,+0.49,0.02,86,405834,
894,09:54:47,47.17,+0.45,0.0,78,367926,
895,09:54:44,47.17,+0.45,-0.02,111,523587,
896,09:54:41,47.19,+0.49,0.01,51,240669,
897,09:54:38,47.18,+0.47,-0.02,73,344414,
898,09:54:35,47.2,+0.51,0.0,97,457840,
899,09:54:32,47.2,+0.51,0.0,78,368160,
900,09:54:29,47.2,+0.51,0.0,38,179360,
901,09:54:26,47.2,+0.51,0.01,54,254880,
902,09:54:23,47.19,+0.49,0.01,121,570999,
903,09:54:20,47.18,+0.47,0.0,71,334978,
904,09:54:17,47.18,+0.47,-0.02,130,613340,
905,09:54:14,47.2,+0.51,0.0,103,486160,
906,09:54:11,47.2,+0.51,0.04,96,453120,
907,09:54:08,47.16,+0.43,0.0,25,117900,
908,09:54:05,47.16,+0.43,0.01,177,834732,
909,09:54:02,47.15,+0.40,0.02,120,565800,
910,09:53:59,47.13,+0.36,0.0,62,292206,
911,09:53:56,47.13,+0.36,0.0,31,146103,
912,09:53:56,47.13,+0.36,0.03,31,146103,
913,09:53:53,47.1,+0.30,0.0,25,117750,
914,09:53:50,47.1,+0.30,-0.02,81,381510,
915,09:53:47,47.12,+0.34,0.06,13,61256,
916,09:53:44,47.06,+0.21,0.01,150,706700,
917,09:53:41,47.05,+0.19,-0.01,54,257975,
918,09:53:38,47.06,+0.21,0.0,18,84708,
919,09:53:35,47.06,+0.21,0.0,120,564720,
920,09:53:32,47.06,+0.21,0.04,496,2334976,
921,09:53:29,47.02,+0.13,0.01,97,456094,
922,09:53:26,47.01,+0.11,0.0,46,216246,
923,09:53:23,47.01,+0.11,0.0,123,578223,
924,09:53:20,47.01,+0.11,0.01,43,202143,
925,09:53:17,47.0,+0.09,0.0,24,112800,
926,09:53:14,47.0,+0.09,0.0,19,89300,
927,09:53:11,47.0,+0.09,0.01,38,178600,
928,09:53:08,46.99,+0.06,-0.02,10,46990,
929,09:53:05,47.01,+0.11,0.05,39,183339,
930,09:53:02,46.96,0.00,-0.02,152,713792,
931,09:52:59,46.98,+0.04,-0.04,41,192618,
932,09:52:56,47.02,+0.13,0.01,63,296226,
933,09:52:53,47.01,+0.11,0.0,81,380781,
934,09:52:50,47.01,+0.11,0.02,8,37608,
935,09:52:47,46.99,+0.06,-0.02,55,258445,
936,09:52:44,47.01,+0.11,0.01,96,451296,
937,09:52:41,47.0,+0.09,0.0,45,211500,
938,09:52:38,47.0,+0.09,0.0,61,286700,
939,09:52:35,47.0,+0.09,0.0,213,1001100,
940,09:52:32,47.0,+0.09,0.02,362,1701400,
941,09:52:29,46.98,+0.04,-0.01,18,84564,
942,09:52:26,46.99,+0.06,0.04,28,131572,
943,09:52:23,46.95,-0.02,-0.03,7,32865,
944,09:52:20,46.98,+0.04,-0.01,29,136242,
945,09:52:17,46.99,+0.06,0.01,8,37592,
946,09:52:14,46.98,+0.04,0.06,350,1644300,
947,09:52:11,46.92,-0.09,-0.03,7,32844,
948,09:52:08,46.95,-0.02,0.0,20,93900,
949,09:52:05,46.95,-0.02,-0.04,36,169020,
950,09:52:02,46.99,+0.06,0.01,275,1292225,
951,09:51:59,46.98,+0.04,-0.02,45,211410,
952,09:51:56,47.0,+0.09,0.02,132,620400,
953,09:51:53,46.98,+0.04,-0.02,50,234900,
954,09:51:50,47.0,+0.09,0.04,88,413600,
955,09:51:47,46.96,0.00,-0.04,65,305240,
956,09:51:44,47.0,+0.09,0.0,46,216200,
957,09:51:41,47.0,+0.09,0.0,37,173900,
958,09:51:38,47.0,+0.09,0.09,287,1348900,
959,09:51:35,46.91,-0.11,0.0,48,225168,
960,09:51:32,46.91,-0.11,0.0,23,107893,
961,09:51:29,46.91,-0.11,0.01,84,394044,
962,09:51:26,46.9,-0.13,-0.02,34,159460,
963,09:51:23,46.92,-0.09,0.02,22,103224,
964,09:51:20,46.9,-0.13,-0.1,75,351750,
965,09:51:17,47.0,+0.09,0.0,112,526400,
966,09:51:14,47.0,+0.09,0.0,126,592200,
967,09:51:11,47.0,+0.09,-0.04,123,578100,
968,09:51:08,47.04,+0.17,0.04,44,206976,
969,09:51:05,47.0,+0.09,0.0,239,1123300,
970,09:51:02,47.0,+0.09,0.02,71,333700,
971,09:50:59,46.98,+0.04,-0.05,293,1376514,
972,09:50:56,47.03,+0.15,0.03,135,634905,
973,09:50:53,47.0,+0.09,-0.04,31,145700,
974,09:50:50,47.04,+0.17,0.06,60,282240,
975,09:50:47,46.98,+0.04,-0.08,25,117450,
976,09:50:44,47.06,+0.21,0.0,42,197652,
977,09:50:44,47.06,+0.21,0.0,42,197652,
978,09:50:44,47.06,+0.21,0.06,42,197652,
979,09:50:41,47.0,+0.09,-0.06,109,512300,
980,09:50:38,47.06,+0.21,-0.04,125,588250,
981,09:50:35,47.1,+0.30,0.06,46,216660,
982,09:50:32,47.04,+0.17,0.0,21,98784,
983,09:50:29,47.04,+0.17,-0.02,195,917280,
984,09:50:26,47.06,+0.21,0.09,346,1628276,
985,09:50:23,46.97,+0.02,0.07,77,361669,
986,09:50:20,46.9,-0.13,-0.01,100,469000,
987,09:50:17,46.91,-0.11,0.01,28,131348,
988,09:50:14,46.9,-0.13,0.0,233,1092770,
989,09:50:11,46.9,-0.13,0.0,82,384580,
990,09:50:08,46.9,-0.13,0.08,82,384580,
991,09:50:05,46.82,-0.30,-0.01,136,636752,
992,09:50:02,46.83,-0.28,0.03,68,318444,
993,09:49:59,46.8,-0.34,-0.08,59,276120,
994,09:49:56,46.88,-0.17,0.08,38,178144,
995,09:49:53,46.8,-0.34,-0.05,101,472680,
996,09:49:50,46.85,-0.23,-0.05,80,374800,
997,09:49:47,46.9,-0.13,0.0,29,136010,
998,09:49:44,46.9,-0.13,-0.05,69,323610,
999,09:49:41,46.95,-0.02,-0.02,46,215970,
1000,09:49:38,46.97,+0.02,-0.02,89,418033,
1001,09:49:35,46.99,+0.06,0.01,57,267843,
1002,09:49:32,46.98,+0.04,-0.02,53,248994,
1003,09:49:29,47.0,+0.09,0.0,30,141000,
1004,09:49:26,47.0,+0.09,0.01,27,126900,
1005,09:49:23,46.99,+0.06,-0.02,112,526288,
1006,09:49:20,47.01,+0.11,0.0,56,263256,
1007,09:49:17,47.01,+0.11,0.0,184,864984,
1008,09:49:14,47.01,+0.11,0.04,550,2585550,
1009,09:49:11,46.97,+0.02,-0.09,93,436821,
1010,09:49:08,47.06,+0.21,0.02,76,357656,
1011,09:49:05,47.04,+0.17,-0.02,330,1552320,
1012,09:49:02,47.06,+0.21,-0.01,73,343538,
1013,09:48:59,47.07,+0.23,-0.01,24,112968,
1014,09:48:56,47.08,+0.26,-0.07,23,108284,
1015,09:48:53,47.15,+0.40,0.0,95,447925,
1016,09:48:50,47.15,+0.40,-0.01,117,551655,
1017,09:48:47,47.16,+0.43,0.0,383,1806228,
1018,09:48:44,47.16,+0.43,0.0,101,476316,
1019,09:48:41,47.16,+0.43,0.01,56,264096,
1020,09:48:38,47.15,+0.40,0.01,5,23575,
1021,09:48:35,47.14,+0.38,-0.03,192,905088,
1022,09:48:32,47.17,+0.45,-0.01,138,650946,
1023,09:48:29,47.18,+0.47,0.0,13,61334,
1024,09:48:26,47.18,+0.47,-0.02,152,717136,
1025,09:48:23,47.2,+0.51,-0.02,164,774080,
1026,09:48:20,47.22,+0.55,-0.01,64,302208,
1027,09:48:17,47.23,+0.57,0.0,122,576206,
1028,09:48:14,47.23,+0.57,0.03,95,448685,
1029,09:48:11,47.2,+0.51,-0.03,60,283200,
1030,09:48:08,47.23,+0.57,0.0,119,562037,
1031,09:48:05,47.23,+0.57,0.0,153,722619,
1032,09:48:02,47.23,+0.57,0.0,98,462854,
1033,09:47:59,47.23,+0.57,0.03,113,533699,
1034,09:47:56,47.2,+0.51,-0.03,115,542800,
1035,09:47:53,47.23,+0.57,0.0,147,694281,
1036,09:47:50,47.23,+0.57,-0.02,92,434516,
1037,09:47:47,47.25,+0.62,0.0,80,378000,
1038,09:47:44,47.25,+0.62,0.01,75,354375,
1039,09:47:41,47.24,+0.60,0.01,247,1166828,
1040,09:47:38,47.23,+0.57,0.0,354,1671942,
1041,09:47:35,47.23,+0.57,0.01,113,533699,
1042,09:47:32,47.22,+0.55,0.0,46,217212,
1043,09:47:29,47.22,+0.55,0.0,163,769686,
1044,09:47:29,47.22,+0.55,-0.01,163,769686,
1045,09:47:26,47.23,+0.57,0.03,321,1516083,
1046,09:47:23,47.2,+0.51,-0.01,98,462560,
1047,09:47:20,47.21,+0.53,0.01,84,396564,
1048,09:47:17,47.2,+0.51,0.01,111,523920,
1049,09:47:14,47.19,+0.49,-0.04,149,703131,
1050,09:47:11,47.23,+0.57,0.0,16,75568,
1051,09:47:08,47.23,+0.57,0.04,166,784018,
1052,09:47:05,47.19,+0.49,0.0,47,221793,
1053,09:47:02,47.19,+0.49,-0.02,178,839982,
1054,09:46:59,47.21,+0.53,-0.06,85,401285,
1055,09:46:56,47.27,+0.66,0.02,85,401795,
1056,09:46:50,47.25,+0.62,0.0,517,2442825,
1057,09:46:44,47.25,+0.62,0.0,77,363825,
1058,09:46:41,47.25,+0.62,0.02,103,486675,
1059,09:46:35,47.23,+0.57,-0.1,685,3235255,
1060,09:46:29,47.33,+0.79,0.08,317,1500361,
1061,09:46:26,47.25,+0.62,-0.04,181,855225,
1062,09:46:20,47.29,+0.70,0.08,135,638415,
1063,09:46:17,47.21,+0.53,0.01,77,363517,
1064,09:46:14,47.2,+0.51,0.0,82,387040,
1065,09:46:11,47.2,+0.51,0.0,106,500320,
1066,09:46:08,47.2,+0.51,-0.1,90,424800,
1067,09:46:05,47.3,+0.72,0.1,79,373670,
1068,09:46:02,47.2,+0.51,-0.09,153,722160,
1069,09:45:58,47.29,+0.70,-0.06,88,416152,
1070,09:45:56,47.35,+0.83,0.05,145,686575,
1071,09:45:53,47.3,+0.72,-0.05,102,482460,
1072,09:45:50,47.35,+0.83,-0.05,138,653430,
1073,09:45:47,47.4,+0.94,0.04,144,682560,
1074,09:45:43,47.36,+0.85,0.01,95,449920,
1075,09:45:40,47.35,+0.83,-0.09,271,1283185,
1076,09:45:37,47.44,+1.02,-0.01,177,839688,
1077,09:45:34,47.45,+1.04,-0.02,137,650065,
1078,09:45:31,47.47,+1.09,-0.02,760,3607720,
1079,09:45:28,47.49,+1.13,0.0,231,1097019,
1080,09:45:25,47.49,+1.13,-0.05,226,1073274,
1081,09:45:22,47.54,+1.24,0.04,435,2067990,
1082,09:45:19,47.5,+1.15,0.0,262,1244500,
1083,09:45:16,47.5,+1.15,0.0,228,1083000,
1084,09:45:13,47.5,+1.15,0.01,309,1467750,
1085,09:45:11,47.49,+1.13,-0.01,561,2664189,
1086,09:45:07,47.5,+1.15,0.02,325,1543750,
1087,09:45:04,47.48,+1.11,0.0,164,778672,
1088,09:45:01,47.48,+1.11,0.01,89,422572,
1089,09:44:58,47.47,+1.09,0.02,231,1096557,
1090,09:44:55,47.45,+1.04,-0.01,141,669045,
1091,09:44:52,47.46,+1.06,0.03,305,1447530,
1092,09:44:49,47.43,+1.00,0.03,143,678249,
1093,09:44:46,47.4,+0.94,0.0,132,625680,
1094,09:44:43,47.4,+0.94,0.01,212,1004880,
1095,09:44:40,47.39,+0.92,0.02,281,1331659,
1096,09:44:37,47.37,+0.87,0.02,63,298431,
1097,09:44:34,47.35,+0.83,0.05,159,756180,
1098,09:44:31,47.3,+0.72,0.0,230,1087900,
1099,09:44:28,47.3,+0.72,0.06,534,2528942,
1100,09:44:25,47.24,+0.60,-0.01,78,370078,
1101,09:44:22,47.25,+0.62,-0.01,134,633150,
1102,09:44:19,47.26,+0.64,0.02,122,579691,
1103,09:44:16,47.24,+0.60,0.0,152,718048,
1104,09:44:16,47.24,+0.60,0.01,152,718048,
1105,09:44:13,47.23,+0.57,0.03,80,377840,
1106,09:44:10,47.2,+0.51,0.0,107,505040,
1107,09:44:07,47.2,+0.51,0.0,162,764640,
1108,09:44:04,47.2,+0.51,0.0,79,372880,
1109,09:44:01,47.2,+0.51,0.08,543,2562960,
1110,09:43:58,47.12,+0.34,-0.01,110,518320,
1111,09:43:55,47.13,+0.36,0.0,54,254502,
1112,09:43:52,47.13,+0.36,-0.02,82,386466,
1113,09:43:49,47.15,+0.40,0.02,46,216890,
1114,09:43:46,47.13,+0.36,-0.06,83,391179,
1115,09:43:43,47.19,+0.49,0.06,293,1382667,
1116,09:43:40,47.13,+0.36,0.0,105,494865,
1117,09:43:37,47.13,+0.36,0.02,212,999156,
1118,09:43:34,47.11,+0.32,0.0,71,334481,
1119,09:43:31,47.11,+0.32,-0.03,154,725494,
1120,09:43:28,47.14,+0.38,0.02,89,419546,
1121,09:43:25,47.12,+0.34,-0.01,289,1361768,
1122,09:43:22,47.13,+0.36,-0.02,156,735228,
1123,09:43:19,47.15,+0.40,0.03,91,429065,
1124,09:43:16,47.12,+0.34,-0.04,89,419368,
1125,09:43:12,47.16,+0.43,-0.04,120,565920,
1126,09:43:08,47.2,+0.51,0.0,61,287920,
1127,09:43:05,47.2,+0.51,0.0,248,1170560,
1128,09:43:04,47.2,+0.51,0.08,217,1024240,
1129,09:42:59,47.12,+0.34,-0.09,261,1229832,
1130,09:42:56,47.21,+0.53,-0.03,601,2837321,
1131,09:42:54,47.24,+0.60,0.04,153,722772,
1132,09:42:50,47.2,+0.51,-0.1,228,1076160,
1133,09:42:49,47.3,+0.72,0.0,1191,5633430,
1134,09:42:44,47.3,+0.72,0.04,304,1437920,
1135,09:42:43,47.26,+0.64,-0.06,507,2396082,
1136,09:42:39,47.32,+0.77,0.01,531,2512692,
1137,09:42:35,47.31,+0.75,0.01,176,832656,
1138,09:42:32,47.3,+0.72,0.01,401,1896730,
1139,09:42:29,47.29,+0.70,-0.04,250,1182250,
1140,09:42:26,47.33,+0.79,-0.02,234,1107522,
1141,09:42:23,47.35,+0.83,0.01,220,1041700,
1142,09:42:20,47.34,+0.81,0.0,117,553878,
1143,09:42:17,47.34,+0.81,-0.01,103,487602,
1144,09:42:14,47.35,+0.83,0.04,210,994350,
1145,09:42:11,47.31,+0.75,0.03,310,1466610,
1146,09:42:08,47.28,+0.68,0.0,463,2189064,
1147,09:42:05,47.28,+0.68,0.03,204,964512,
1148,09:42:02,47.25,+0.62,-0.03,170,803250,
1149,09:41:59,47.28,+0.68,0.08,143,676104,
1150,09:41:56,47.2,+0.51,0.0,59,278480,
1151,09:41:53,47.2,+0.51,0.02,155,731600,
1152,09:41:50,47.18,+0.47,0.0,234,1104012,
1153,09:41:47,47.18,+0.47,0.03,172,811496,
1154,09:41:44,47.15,+0.40,0.01,372,1753980,
1155,09:41:41,47.14,+0.38,0.02,153,721242,
1156,09:41:38,47.12,+0.34,0.01,99,466488,
1157,09:41:35,47.11,+0.32,0.05,647,3048017,
1158,09:41:32,47.06,+0.21,-0.01,22,103532,
1159,09:41:29,47.07,+0.23,0.02,186,875502,
1160,09:41:26,47.05,+0.19,0.05,78,366990,
1161,09:41:23,47.0,+0.09,-0.03,105,493500,
1162,09:41:20,47.03,+0.15,0.01,347,1631941,
1163,09:41:17,47.02,+0.13,0.02,52,244504,
1164,09:41:14,47.0,+0.09,0.0,257,1207900,
1165,09:41:11,47.0,+0.09,0.0,282,1325400,
1166,09:41:08,47.0,+0.09,0.0,58,272600,
1167,09:41:05,47.0,+0.09,0.0,142,667400,
1168,09:41:05,47.0,+0.09,0.02,142,667400,
1169,09:41:02,46.98,+0.04,-0.03,129,606042,
1170,09:40:59,47.01,+0.11,0.01,50,235050,
1171,09:40:56,47.0,+0.09,0.0,81,380700,
1172,09:40:53,47.0,+0.09,0.0,97,455900,
1173,09:40:50,47.0,+0.09,0.01,22,103400,
1174,09:40:47,46.99,+0.06,-0.04,51,239649,
1175,09:40:44,47.03,+0.15,-0.02,123,578469,
1176,09:40:41,47.05,+0.19,0.17,61,287005,
1177,09:40:38,46.88,-0.17,-0.15,33,154704,
1178,09:40:35,47.03,+0.15,-0.06,38,178714,
1179,09:40:32,47.09,+0.28,-0.01,73,343757,
1180,09:40:29,47.1,+0.30,0.05,138,649980,
1181,09:40:26,47.05,+0.19,-0.05,110,517550,
1182,09:40:23,47.1,+0.30,0.0,257,1210470,
1183,09:40:20,47.1,+0.30,-0.02,537,2529270,
1184,09:40:17,47.12,+0.34,0.01,475,2238200,
1185,09:40:14,47.11,+0.32,0.01,407,1917377,
1186,09:40:11,47.1,+0.30,0.05,293,1380030,
1187,09:40:08,47.05,+0.19,-0.08,98,461090,
1188,09:40:05,47.13,+0.36,0.08,332,1564716,
1189,09:40:02,47.05,+0.19,-0.08,281,1322105,
1190,09:39:59,47.13,+0.36,0.06,89,419457,
1191,09:39:56,47.07,+0.23,0.0,539,2537073,
1192,09:39:53,47.07,+0.23,0.03,301,1416807,
1193,09:39:50,47.04,+0.17,0.0,260,1223040,
1194,09:39:47,47.04,+0.17,-0.01,77,362208,
1195,09:39:44,47.05,+0.19,0.01,220,1035100,
1196,09:39:41,47.04,+0.17,0.0,137,644448,
1197,09:39:38,47.04,+0.17,0.0,108,508032,
1198,09:39:35,47.04,+0.17,0.04,44,206976,
1199,09:39:32,47.0,+0.09,0.15,446,2096200,
1200,09:39:29,46.85,-0.23,0.03,379,1775615,
1201,09:39:26,46.82,-0.30,0.01,46,215372,
1202,09:39:23,46.81,-0.32,0.01,36,168516,
1203,09:39:20,46.8,-0.34,0.2,383,1792440,
1204,09:39:17,46.6,-0.77,0.0,502,2339320,
1205,09:39:14,46.6,-0.77,0.05,125,582500,
1206,09:39:11,46.55,-0.87,0.02,94,437570,
1207,09:39:08,46.53,-0.92,0.02,156,725868,
1208,09:39:06,46.51,-0.96,0.01,160,744160,
1209,09:39:02,46.5,-0.98,0.0,95,441750,
1210,09:38:59,46.5,-0.98,0.0,167,776550,
1211,09:38:56,46.5,-0.98,0.13,143,664950,
1212,09:38:53,46.37,-1.26,-0.13,129,598173,
1213,09:38:50,46.5,-0.98,0.0,176,818400,
1214,09:38:47,46.5,-0.98,0.16,378,1757700,
1215,09:38:44,46.34,-1.32,-0.04,195,903630,
1216,09:38:41,46.38,-1.24,0.01,623,2889474,
1217,09:38:38,46.37,-1.26,0.02,100,463700,
1218,09:38:35,46.35,-1.30,0.0,7,32445,
1219,09:38:32,46.35,-1.30,-0.05,309,1432215,
1220,09:38:29,46.4,-1.19,-0.07,170,788800,
1221,09:38:26,46.47,-1.04,-0.02,104,483288,
1222,09:38:23,46.49,-1.00,0.0,261,1213389,
1223,09:38:20,46.49,-1.00,0.09,289,1343561,
1224,09:38:17,46.4,-1.19,-0.1,58,269120,
1225,09:38:14,46.5,-0.98,-0.05,83,385950,
1226,09:38:11,46.55,-0.87,0.05,162,754110,
1227,09:38:08,46.5,-0.98,-0.07,649,3017850,
1228,09:38:05,46.57,-0.83,0.02,72,335304,
1229,09:38:02,46.55,-0.87,-0.04,150,698250,
1230,09:37:59,46.59,-0.79,0.08,285,1327815,
1231,09:37:56,46.51,-0.96,-0.04,118,548818,
1232,09:37:53,46.55,-0.87,0.0,97,451535,
1233,09:37:53,46.55,-0.87,0.0,97,451535,
1234,09:37:53,46.55,-0.87,-0.01,97,451535,
1235,09:37:50,46.56,-0.85,0.05,342,1592352,
1236,09:37:47,46.51,-0.96,-0.02,1050,4883550,
1237,09:37:44,46.53,-0.92,-0.03,46,214038,
1238,09:37:41,46.56,-0.85,0.05,17,79152,
1239,09:37:38,46.51,-0.96,-0.04,91,423241,
1240,09:37:35,46.55,-0.87,0.0,69,321195,
1241,09:37:32,46.55,-0.87,0.04,28,130340,
1242,09:37:29,46.51,-0.96,-0.18,75,348825,
1243,09:37:26,46.69,-0.57,0.07,647,3020843,
1244,09:37:23,46.62,-0.72,0.02,24,111888,
1245,09:37:20,46.6,-0.77,0.05,86,400760,
1246,09:37:17,46.55,-0.87,0.05,592,2755760,
1247,09:37:14,46.5,-0.98,-0.12,432,2008800,
1248,09:37:11,46.62,-0.72,0.07,107,498834,
1249,09:37:08,46.55,-0.87,-0.03,551,2564905,
1250,09:37:05,46.58,-0.81,0.04,436,2030888,
1251,09:37:02,46.54,-0.89,-0.06,341,1587014,
1252,09:36:59,46.6,-0.77,0.06,94,438040,
1253,09:36:56,46.54,-0.89,0.04,73,339742,
1254,09:36:53,46.5,-0.98,0.0,139,646350,
1255,09:36:50,46.5,-0.98,0.04,142,660300,
1256,09:36:47,46.46,-1.06,-0.04,211,980306,
1257,09:36:44,46.5,-0.98,0.17,212,985800,
1258,09:36:41,46.33,-1.34,0.03,145,671785,
1259,09:36:38,46.3,-1.41,0.0,138,638940,
1260,09:36:35,46.3,-1.41,-0.2,159,736170,
1261,09:36:32,46.5,-0.98,0.2,666,3096900,
1262,09:36:29,46.3,-1.41,0.0,342,1583460,
1263,09:36:26,46.3,-1.41,0.01,302,1398260,
1264,09:36:23,46.29,-1.43,-0.01,111,513819,
1265,09:36:20,46.3,-1.41,0.0,223,1032490,
1266,09:36:17,46.3,-1.41,-0.01,202,935260,
1267,09:36:14,46.31,-1.38,0.0,199,921569,
1268,09:36:11,46.31,-1.38,0.0,134,620554,
1269,09:36:08,46.31,-1.38,0.01,42,194502,
1270,09:36:05,46.3,-1.41,-0.2,181,838030,
1271,09:36:02,46.5,-0.98,0.1,134,623100,
1272,09:35:59,46.4,-1.19,-0.11,95,440800,
1273,09:35:56,46.51,-0.96,-0.04,441,2051091,
1274,09:35:53,46.55,-0.87,-0.02,451,2099405,
1275,09:35:50,46.57,-0.83,-0.01,147,684579,
1276,09:35:47,46.58,-0.81,-0.03,265,1234370,
1277,09:35:44,46.61,-0.75,0.0,47,219067,
1278,09:35:41,46.61,-0.75,0.0,221,1030081,
1279,09:35:38,46.61,-0.75,-0.04,309,1440249,
1280,09:35:35,46.65,-0.66,0.0,340,1586100,
1281,09:35:32,46.65,-0.66,-0.01,115,536475,
1282,09:35:29,46.66,-0.64,-0.02,91,424606,
1283,09:35:26,46.68,-0.60,-0.02,278,1297704,
1284,09:35:23,46.7,-0.55,-0.06,220,1027400,
1285,09:35:20,46.76,-0.43,-0.01,123,575148,
1286,09:35:17,46.77,-0.40,-0.05,186,869922,
1287,09:35:14,46.82,-0.30,0.0,412,1928984,
1288,09:35:11,46.82,-0.30,-0.06,228,1067496,
1289,09:35:08,46.88,-0.17,-0.02,239,1120432,
1290,09:35:05,46.9,-0.13,0.0,88,412720,
1291,09:35:02,46.9,-0.13,0.0,136,637840,
1292,09:34:59,46.9,-0.13,-0.09,256,1200640,
1293,09:34:56,46.99,+0.06,0.04,296,1390904,
1294,09:34:53,46.95,-0.02,0.06,180,845100,
1295,09:34:50,46.89,-0.15,-0.11,478,2241342,
1296,09:34:47,47.0,+0.09,0.05,219,1029300,
1297,09:34:44,46.95,-0.02,-0.04,251,1178445,
1298,09:34:41,46.99,+0.06,-0.06,448,2105152,
1299,09:34:38,47.05,+0.19,-0.06,687,3232335,
1300,09:34:38,47.05,+0.19,-0.03,687,3232335,
1301,09:34:35,47.08,+0.26,0.04,247,1162876,
1302,09:34:32,47.04,+0.17,0.04,143,672672,
1303,09:34:29,47.0,+0.09,-0.05,352,1654400,
1304,09:34:26,47.05,+0.19,0.04,276,1298580,
1305,09:34:23,47.01,+0.11,0.0,176,827376,
1306,09:34:20,47.01,+0.11,0.01,320,1504320,
1307,09:34:17,47.0,+0.09,0.02,139,653300,
1308,09:34:14,46.98,+0.04,0.01,184,864432,
1309,09:34:11,46.97,+0.02,0.02,98,460306,
1310,09:34:08,46.95,-0.02,0.0,63,295785,
1311,09:34:05,46.95,-0.02,0.01,35,164325,
1312,09:34:02,46.94,-0.04,0.03,5,23470,
1313,09:33:59,46.91,-0.11,0.09,97,455027,
1314,09:33:56,46.82,-0.30,0.0,58,271556,
1315,09:33:53,46.82,-0.30,0.02,147,688254,
1316,09:33:50,46.8,-0.34,0.02,131,613080,
1317,09:33:47,46.78,-0.38,0.02,50,233900,
1318,09:33:44,46.76,-0.43,0.0,72,336672,
1319,09:33:41,46.76,-0.43,-0.01,295,1379420,
1320,09:33:38,46.77,-0.40,0.05,141,659457,
1321,09:33:35,46.72,-0.51,0.0,146,682112,
1322,09:33:32,46.72,-0.51,0.0,68,317696,
1323,09:33:29,46.72,-0.51,0.02,62,289664,
1324,09:33:26,46.7,-0.55,-0.05,24,112080,
1325,09:33:23,46.75,-0.45,0.03,232,1084600,
1326,09:33:20,46.72,-0.51,0.0,70,327040,
1327,09:33:17,46.72,-0.51,0.04,424,1980928,
1328,09:33:14,46.68,-0.60,0.01,351,1638468,
1329,09:33:11,46.67,-0.62,-0.02,171,798057,
1330,09:33:08,46.69,-0.57,-0.06,269,1255961,
1331,09:33:05,46.75,-0.45,0.04,181,846175,
1332,09:33:02,46.71,-0.53,0.07,275,1284525,
1333,09:32:59,46.64,-0.68,-0.06,74,345136,
1334,09:32:56,46.7,-0.55,0.01,165,770550,
1335,09:32:53,46.69,-0.57,-0.01,104,485576,
1336,09:32:50,46.7,-0.55,-0.01,77,359590,
1337,09:32:47,46.71,-0.53,0.03,55,256905,
1338,09:32:44,46.68,-0.60,-0.03,270,1260360,
1339,09:32:41,46.71,-0.53,-0.07,146,681966,
1340,09:32:38,46.78,-0.38,0.07,84,392952,
1341,09:32:35,46.71,-0.53,-0.1,75,350325,
1342,09:32:32,46.81,-0.32,0.01,92,430652,
1343,09:32:29,46.8,-0.34,0.05,171,800280,
1344,09:32:26,46.75,-0.45,-0.06,106,495550,
1345,09:32:23,46.81,-0.32,0.0,166,777046,
1346,09:32:20,46.81,-0.32,-0.02,248,1160888,
1347,09:32:17,46.83,-0.28,0.02,267,1250361,
1348,09:32:14,46.81,-0.32,0.0,179,837899,
1349,09:32:11,46.81,-0.32,0.0,1074,5027394,
1350,09:32:08,46.81,-0.32,0.06,81,379161,
1351,09:32:05,46.75,-0.45,-0.05,160,748000,
1352,09:32:02,46.8,-0.34,-0.01,208,973440,
1353,09:31:59,46.81,-0.32,-0.06,93,435333,
1354,09:31:56,46.87,-0.19,0.16,45,210915,
1355,09:31:53,46.71,-0.53,-0.19,145,677295,
1356,09:31:50,46.9,-0.13,-0.06,607,2846830,
1357,09:31:47,46.96,0.00,0.08,133,624568,
1358,09:31:44,46.88,-0.17,-0.02,103,482864,
1359,09:31:41,46.9,-0.13,-0.06,159,745710,
1360,09:31:38,46.96,0.00,0.0,358,1681168,
1361,09:31:35,46.96,0.00,-0.04,234,1098864,
1362,09:31:32,47.0,+0.09,-0.09,156,733200,
1363,09:31:29,47.09,+0.28,-0.01,617,2905453,
1364,09:31:26,47.1,+0.30,-0.01,611,2877810,
1365,09:31:26,47.1,+0.30,0.06,611,2877810,
1366,09:31:23,47.04,+0.17,-0.15,373,1754592,
1367,09:31:20,47.19,+0.49,0.03,321,1514799,
1368,09:31:17,47.16,+0.43,0.12,251,1183716,
1369,09:31:14,47.04,+0.17,-0.13,400,1881600,
1370,09:31:11,47.17,+0.45,0.13,124,584908,
1371,09:31:08,47.04,+0.17,0.04,32,150528,
1372,09:31:05,47.0,+0.09,0.0,39,183300,
1373,09:31:02,47.0,+0.09,0.2,374,1757800,
1374,09:30:59,46.8,-0.34,-0.1,86,402480,
1375,09:30:56,46.9,-0.13,0.2,80,375200,
1376,09:30:53,46.7,-0.55,0.0,107,499690,
1377,09:30:50,46.7,-0.55,0.0,39,182130,
1378,09:30:47,46.7,-0.55,0.1,672,3138240,
1379,09:30:44,46.6,-0.77,0.1,73,340180,
1380,09:30:41,46.5,-0.98,-0.02,112,520800,
1381,09:30:38,46.52,-0.94,0.02,61,283772,
1382,09:30:35,46.5,-0.98,0.11,68,316200,
1383,09:30:32,46.39,-1.21,-0.01,154,714406,
1384,09:30:29,46.4,-1.19,0.01,238,1104320,
1385,09:30:26,46.39,-1.21,0.09,572,2653508,
1386,09:30:23,46.3,-1.41,-0.02,104,481520,
1387,09:30:20,46.32,-1.36,-0.07,87,402984,
1388,09:30:17,46.39,-1.21,0.14,40,185560,
1389,09:30:14,46.25,-1.51,-0.05,3,13875,
1390,09:30:11,46.3,-1.41,0.0,6,27780,
1391,09:30:08,46.3,-1.41,-0.09,12,55560,
1392,09:30:05,46.39,-1.21,-0.01,1544,7162616,
1393,09:30:02,46.4,-1.19,0.0,2277,10567090,
1394,09:29:00,46.4,-1.19,0.0,0,0,
1395,09:25:02,46.4,-1.19,0.0,4309,19993760,
1396,09:25:02,46.4,-1.19,0.0,4309,19993760,0
